name,time/op (ns/op),±
Gol/512x512x1000-1-6,4.89764E+10,0%
Gol/512x512x1000-2-6,3.88120E+10,0%
Gol/512x512x1000-3-6,3.40069E+10,0%
Gol/512x512x1000-4-6,3.00650E+10,0%
Gol/512x512x1000-5-6,2.78118E+10,0%
Gol/512x512x1000-6-6,2.62598E+10,0%
Gol/512x512x1000-7-6,2.58203E+10,0%
Gol/512x512x1000-8-6,2.47984E+10,0%
Gol/512x512x1000-9-6,2.38503E+10,0%
Gol/512x512x1000-10-6,2.33266E+10,0%
Gol/512x512x1000-11-6,2.21560E+10,0%
Gol/512x512x1000-12-6,2.17874E+10,0%
Gol/512x512x1000-13-6,2.08461E+10,0%
Gol/512x512x1000-14-6,2.01179E+10,0%
Gol/512x512x1000-15-6,1.97991E+10,0%
Gol/512x512x1000-16-6,1.93797E+10,0%
