name,time/op (ns/op),±
Gol/512x512x1000-1-6,9.72372E+09,0%
Gol/512x512x1000-2-6,9.01275E+09,0%
Gol/512x512x1000-3-6,8.77657E+09,0%
Gol/512x512x1000-4-6,8.51036E+09,0%
Gol/512x512x1000-5-6,8.34044E+09,0%
Gol/512x512x1000-6-6,8.15460E+09,0%
Gol/512x512x1000-7-6,7.93269E+09,0%
Gol/512x512x1000-8-6,7.68508E+09,0%
Gol/512x512x1000-9-6,7.29135E+09,0%
Gol/512x512x1000-10-6,7.24978E+09,0%
Gol/512x512x1000-11-6,6.96917E+09,0%
Gol/512x512x1000-12-6,6.93409E+09,0%
Gol/512x512x1000-13-6,6.61091E+09,0%
Gol/512x512x1000-14-6,6.45540E+09,0%
Gol/512x512x1000-15-6,6.23993E+09,0%
Gol/512x512x1000-16-6,6.18128E+09,0%
